-9.590455672604479176e+00,6.730053456892102659e+00
-9.590455672604479176e+00,7.456110744417466130e+00
-9.186005672604478534e+00,8.345900744417484418e+00
-8.689509994485820954e+00,8.882841422536138509e+00
-8.193014316367161598e+00,9.419782100654794377e+00
-7.545894316367161458e+00,9.824232100654791466e+00
-6.669585983033828214e+00,1.021969432287701274e+01
-5.793277649700494969e+00,1.061515654509923579e+01
-4.916969316367161724e+00,1.101061876732145706e+01
-4.040660983033828479e+00,1.140608098954367833e+01
-3.164352649700494347e+00,1.180154321176590138e+01
-2.288044316367161990e+00,1.219700543398812265e+01
-1.411735983033828745e+00,1.259246765621034569e+01
-5.354276497004955004e-01,1.298792987843256697e+01
3.408806836328386325e-01,1.338339210065478824e+01
1.217189016966172765e+00,1.377885432287701128e+01
2.093497350299506898e+00,1.417431654509923433e+01
2.969805683632837479e+00,1.456977876732145560e+01
3.846114016966171612e+00,1.496524098954367687e+01
4.722422350299503968e+00,1.536070321176589815e+01
5.598730683632838101e+00,1.575616543398811942e+01
6.475039016966170458e+00,1.615162765621034424e+01
7.351347350299504591e+00,1.654708987843256551e+01
8.227655683632837835e+00,1.694255210065478678e+01
8.928702350299504431e+00,1.715825876732145261e+01
9.629749016966171027e+00,1.737396543398812199e+01
1.033079568363283762e+01,1.758967210065478781e+01
1.105782932739552216e+01,1.758967210065478781e+01
1.178486297115820669e+01,1.758967210065478781e+01
1.235109297115820759e+01,1.742789210065478755e+01
1.291732297115820849e+01,1.726611210065478730e+01
1.365648864927686468e+01,1.664828142253612953e+01
1.439565432739552087e+01,1.603045074441747531e+01
1.499129887285006646e+01,1.527302619896292946e+01
1.558694341830461205e+01,1.451560165350838361e+01
1.618258796375915765e+01,1.375817710805383776e+01
1.677823250921370146e+01,1.300075256259929191e+01
1.737387705466824883e+01,1.224332801714474606e+01
1.796952160012279265e+01,1.148590347169020021e+01
1.856516614557733647e+01,1.072847892623565436e+01
1.916081069103188383e+01,9.971054380781108506e+00
1.975645523648642765e+01,9.213629835326564432e+00
2.035209978194097147e+01,8.456205289872016806e+00
2.094774432739551884e+01,7.698780744417470956e+00
2.149457731228343249e+01,6.882541420357784823e+00
2.204141029717134259e+01,6.066302096298098689e+00
2.258824328205925625e+01,5.250062772238413444e+00
2.307820385436589561e+01,4.760102199931776745e+00
2.356816442667253853e+01,4.270141627625140934e+00
2.405812499897917789e+01,3.780181055318504235e+00
2.471783049156909584e+01,3.408632601361076375e+00
2.537753598415901735e+01,3.037084147403648959e+00
2.627357908783731588e+01,2.738590622473921155e+00
2.716962219151561442e+01,2.440097097544193794e+00
2.806566529519391295e+01,2.141603572614465989e+00
2.904609981129471663e+01,2.019307836634625986e+00
3.002653432739552386e+01,1.897012100654785538e+00
3.084994856125824469e+01,1.939610083868172685e+00
3.167336279512096908e+01,1.982208067081559832e+00
3.253920799611382364e+01,2.374426718271289705e+00
3.340505319710668175e+01,2.766645369461019577e+00
3.427089839809953986e+01,3.158864020650749449e+00
3.513674359909239797e+01,3.551082671840479321e+00
3.600258880008524898e+01,3.943301323030209193e+00
3.686843400107810709e+01,4.335519974219939066e+00
3.740600450329614546e+01,4.829600698378033741e+00
3.794357500551418383e+01,5.323681422536129304e+00
3.835887697498552029e+01,6.189279807811823630e+00
3.877417894445684965e+01,7.054878193087517957e+00
3.899840240835832361e+01,7.830433741471093612e+00
3.922262587225979757e+01,8.605989289854669266e+00
3.944684933616127154e+01,9.381544838238246697e+00
3.967107280006274550e+01,1.015710038662182235e+01
3.962871558051574539e+01,1.082363547750102306e+01
3.958635836096874527e+01,1.149017056838022377e+01
3.928726105858928719e+01,1.217029097036593654e+01
3.898816375620982910e+01,1.285041137235164932e+01
3.868906645383037102e+01,1.353053177433736209e+01
3.820463475179692381e+01,1.434521421145695719e+01
3.772020304976346949e+01,1.515989664857655228e+01
3.723577134773002228e+01,1.597457908569614737e+01
3.675133964569656797e+01,1.678926152281574247e+01
3.626690794366312076e+01,1.760394395993533934e+01
3.578247624162967355e+01,1.841862639705493265e+01
3.529804453959621924e+01,1.923330883417452952e+01
3.481361283756277203e+01,2.004799127129412284e+01
3.432918113552932482e+01,2.086267370841371971e+01
3.384474943349587051e+01,2.167735614553331658e+01
3.336031773146242330e+01,2.249203858265290989e+01
3.287588602942896898e+01,2.330672101977250321e+01
3.239145432739552177e+01,2.412140345689210008e+01
3.227011932739551980e+01,2.480799210065479699e+01
3.214878432739552494e+01,2.549458074441749389e+01
3.247234432739552545e+01,2.638437074441748820e+01
3.289910568363283971e+01,2.681113210065478114e+01
3.378889568363283757e+01,2.713469210065478165e+01
3.459714477947462541e+01,2.708076543398811609e+01
3.540539387531642035e+01,2.702683876732145407e+01
3.621364297115820818e+01,2.697291210065478850e+01
3.694722486739026124e+01,2.681113210065478825e+01
3.768080676362232140e+01,2.664935210065478799e+01
3.832235486739025987e+01,2.628534710065478919e+01
3.896390297115820545e+01,2.592134210065479039e+01
3.955077324240566838e+01,2.530211582940733095e+01
4.013764351365313132e+01,2.468288955815987151e+01
4.072451378490059426e+01,2.406366328691241563e+01
4.131138405614805720e+01,2.344443701566495619e+01
4.189825432739552014e+01,2.282521074441749676e+01
4.230270432739551723e+01,2.205675574441748665e+01
4.270715432739552142e+01,2.128830074441748010e+01
4.295374659947794527e+01,2.058537360307992259e+01
4.320033887156036911e+01,1.988244646174236152e+01
4.344693114364279296e+01,1.917951932040480401e+01
4.397336465371292746e+01,1.849126997421996066e+01
4.451781863353775037e+01,1.832382680110376683e+01
4.506227261336257328e+01,1.815638362798757299e+01
4.581295554187081365e+01,1.811581824615437597e+01
4.656363847037904691e+01,1.807525286432117895e+01
4.731432139888728727e+01,1.803468748248798192e+01
4.806500432739552764e+01,1.799412210065478490e+01
4.906471279512098249e+01,1.799842806708156928e+01
4.953582836096875042e+01,1.838865363292934063e+01
4.961910285543584820e+01,1.892253113285640609e+01
4.936654645383035955e+01,1.951639177433737160e+01
4.888019742078944319e+01,2.027844124426124850e+01
4.839384838774852682e+01,2.104049071418512540e+01
4.790749935470761045e+01,2.180254018410899874e+01
4.742115032166669408e+01,2.256458965403287564e+01
4.693480128862577772e+01,2.332663912395675254e+01
4.634598959250275385e+01,2.410176955725028591e+01
4.575717789637972999e+01,2.487689999054381929e+01
4.516836620025669902e+01,2.565203042383735266e+01
4.457955450413367515e+01,2.642716085713088248e+01
4.399074280801065129e+01,2.720229129042441585e+01
4.340193111188762742e+01,2.797742172371794922e+01
4.281311941576460356e+01,2.875255215701148259e+01
4.222430771964157259e+01,2.952768259030501241e+01
4.163549602351854872e+01,3.030281302359854578e+01
4.104668432739552486e+01,3.107794345689207915e+01
4.088490432739552460e+01,3.164417345689208005e+01
4.096579432739552828e+01,3.221499899688683399e+01
4.104668432739552486e+01,3.278582453688158438e+01
4.155433568363283570e+01,3.352500210065478115e+01
4.212056568363284015e+01,3.384856210065478166e+01
4.284857568363284486e+01,3.401034210065478192e+01
4.357658568363284246e+01,3.417212210065478217e+01
4.454410371941240498e+01,3.427732725338805864e+01
4.551162175519196751e+01,3.438253240612133510e+01
4.647913979097153714e+01,3.448773755885461867e+01
4.744665782675109966e+01,3.459294271158789513e+01
4.841417586253066219e+01,3.469814786432117160e+01
4.938169389831022471e+01,3.480335301705444806e+01
5.034921193408978723e+01,3.490855816978772452e+01
5.131672996986935686e+01,3.501376332252100809e+01
5.228424800564891939e+01,3.511896847525428456e+01
5.325176604142848191e+01,3.522417362798756102e+01
5.422783870809514895e+01,3.534820496132089573e+01
5.520391137476181598e+01,3.547223629465423045e+01
5.617998404142848301e+01,3.559626762798756516e+01
5.715605670809515004e+01,3.572029896132089277e+01
5.813212937476181708e+01,3.584433029465422749e+01
5.910820204142848411e+01,3.596836162798756220e+01
6.008427470809515114e+01,3.609239296132089692e+01
6.106034737476181817e+01,3.621642429465423163e+01
6.203642004142848521e+01,3.634045562798756634e+01
6.301249270809515224e+01,3.646448696132090106e+01
6.398856537476181927e+01,3.658851829465423577e+01
6.496463804142848630e+01,3.671254962798756338e+01
6.594071070809515334e+01,3.683658096132089810e+01
6.691678337476182037e+01,3.696061229465423281e+01
6.789285604142848740e+01,3.708464362798756753e+01
6.881294307035291524e+01,3.723184725931728423e+01
6.973303009927732887e+01,3.737905089064700093e+01
7.065311712820175671e+01,3.752625452197672473e+01
7.157320415712618455e+01,3.767345815330644143e+01
7.249329118605061240e+01,3.782066178463615813e+01
7.341337821497502603e+01,3.796786541596587483e+01
7.433346524389945387e+01,3.811506904729559153e+01
7.525355227282388171e+01,3.826227267862530823e+01
7.617363930174830955e+01,3.840947630995503204e+01
7.709372633067272318e+01,3.855667994128474874e+01
7.801381335959715102e+01,3.870388357261446544e+01
7.893955447070825926e+01,3.888363912817002443e+01
7.986529558181936750e+01,3.906339468372557633e+01
8.079103669293048995e+01,3.924315023928113533e+01
8.171677780404159819e+01,3.942290579483668722e+01
8.264251891515270643e+01,3.960266135039224622e+01
8.356826002626381467e+01,3.978241690594779811e+01
8.449400113737493712e+01,3.996217246150335711e+01
8.541974224848604536e+01,4.014192801705890901e+01
8.634548335959715359e+01,4.032168357261446801e+01
8.727122447070826183e+01,4.052840246150335446e+01
8.819696558181937007e+01,4.073512135039224091e+01
8.912270669293049252e+01,4.094184023928113447e+01
9.004844780404160076e+01,4.114855912817002093e+01
9.097418891515270900e+01,4.135527801705890738e+01
9.189993002626381724e+01,4.156199690594779383e+01
9.282567113737493969e+01,4.176871579483668739e+01
9.375141224848604793e+01,4.197543468372557385e+01
9.467715335959715617e+01,4.218215357261446030e+01
9.563399149009931932e+01,4.242504034483874165e+01
9.659082962060148247e+01,4.266792711706302299e+01
9.754766775110365984e+01,4.291081388928731144e+01
9.850450588160582299e+01,4.315370066151159278e+01
9.946134401210798615e+01,4.339658743373587413e+01
1.004181821426101493e+02,4.363947420596015547e+01
1.013750202731123125e+02,4.388236097818443682e+01
1.023318584036144898e+02,4.412524775040871816e+01
1.032886965341166530e+02,4.436813452263300661e+01
1.042455346646188161e+02,4.461102129485728796e+01
1.052023727951209793e+02,4.485390806708156930e+01
1.061362846133027915e+02,4.512599261253611616e+01
1.070701964314846180e+02,4.539807715799066301e+01
1.080041082496664302e+02,4.567016170344520276e+01
1.089380200678482566e+02,4.594224624889974962e+01
1.098719318860300689e+02,4.621433079435429647e+01
1.108058437042118953e+02,4.648641533980884333e+01
1.117397555223937076e+02,4.675849988526339018e+01
1.126736673405755340e+02,4.703058443071793704e+01
1.136075791587573462e+02,4.730266897617247679e+01
1.145414909769391727e+02,4.757475352162702364e+01
1.154754027951209849e+02,4.784683806708157050e+01
1.163714116543551000e+02,4.813775500265311535e+01
1.172674205135892294e+02,4.842867193822466731e+01
1.181634293728233445e+02,4.871958887379621217e+01
1.190594382320574738e+02,4.901050580936776413e+01
1.199554470912915889e+02,4.930142274493930898e+01
1.208514559505257182e+02,4.959233968051085384e+01
1.217474648097598333e+02,4.988325661608240580e+01
1.226434736689939626e+02,5.017417355165395065e+01
1.235394825282280777e+02,5.046509048722550261e+01
1.244354913874622071e+02,5.075600742279704747e+01
1.253315002466963222e+02,5.104692435836859232e+01
1.262275091059304515e+02,5.133784129394014428e+01
1.271235179651645666e+02,5.162875822951168914e+01
1.280195268243986959e+02,5.191967516508324110e+01
1.289155356836328110e+02,5.221059210065478595e+01
1.296885862236275671e+02,5.221059210065478595e+01
1.304616367636223515e+02,5.221059210065478595e+01
1.308549429711582093e+02,5.204881210065479280e+01
1.312301036492768844e+02,5.171409642253614436e+01
1.316052643273955312e+02,5.137938074441748881e+01
1.318479343273955067e+02,5.081315074441750568e+01
1.319288243273955175e+02,5.008709345689207026e+01
1.317670443273955527e+02,4.934793966442803281e+01
1.313019268273955618e+02,4.862271561254404162e+01
1.308368093273955424e+02,4.789749156066005042e+01
1.303716918273955514e+02,4.717226750877605923e+01
1.299065743273955320e+02,4.644704345689206804e+01
1.293030104812416994e+02,4.569725537996899334e+01
1.286994466350878383e+02,4.494746730304591864e+01
1.280958827889340057e+02,4.419767922612284394e+01
1.274923189427801447e+02,4.344789114919976925e+01
1.268887550966262978e+02,4.269810307227669455e+01
1.262851912504724510e+02,4.194831499535361274e+01
1.256816274043186041e+02,4.119852691843053805e+01
1.250780635581647573e+02,4.044873884150746335e+01
1.244744997120109105e+02,3.969895076458438865e+01
1.238709358658570636e+02,3.894916268766131395e+01
1.232673720197032310e+02,3.819937461073823926e+01
1.226638081735493699e+02,3.744958653381516456e+01
1.220602443273955373e+02,3.669979845689208986e+01
1.214566804812416905e+02,3.595001037996901516e+01
1.208531166350878436e+02,3.520022230304594046e+01
1.202495527889339968e+02,3.445043422612286577e+01
1.196459889427801500e+02,3.370064614919978396e+01
1.190424250966263031e+02,3.295085807227670927e+01
1.184388612504724563e+02,3.220106999535363457e+01
1.178352974043186094e+02,3.145128191843055987e+01
1.172317335581647626e+02,3.070149384150748517e+01
1.166281697120109158e+02,2.995170576458441047e+01
1.160246058658570689e+02,2.920191768766133578e+01
1.154210420197032221e+02,2.845212961073825753e+01
1.148174781735493752e+02,2.770234153381518283e+01
1.142139143273955284e+02,2.695255345689210813e+01
1.137983086492768763e+02,2.653694777877345246e+01
1.133827029711582242e+02,2.612134210065479323e+01
1.127355829711581947e+02,2.571689210065479614e+01
1.117822365425867730e+02,2.549155567208336848e+01
1.108288901140153371e+02,2.526621924351193726e+01
1.098755436854439154e+02,2.504088281494050960e+01
1.089221972568724794e+02,2.481554638636907839e+01
1.079688508283010577e+02,2.459020995779765073e+01
1.070155043997296218e+02,2.436487352922621952e+01
1.060621579711582001e+02,2.413953710065479186e+01
1.051088115425867784e+02,2.391420067208336064e+01
1.041554651140153425e+02,2.368886424351193298e+01
1.032021186854439208e+02,2.346352781494050532e+01
1.022487722568724848e+02,2.323819138636907411e+01
1.012954258283010631e+02,2.301285495779764645e+01
1.003420793997296272e+02,2.278751852922621524e+01
9.938873297115820549e+01,2.256218210065478758e+01
9.878303432739552647e+01,2.252173710065478929e+01
9.817733568363284746e+01,2.248129210065479100e+01
9.768642378740076992e+01,2.260262710065479297e+01
9.719551189116870660e+01,2.272396210065479494e+01
9.647864568363283411e+01,2.312841210065479203e+01
9.589010432739551959e+01,2.371695345689211010e+01
9.551474985006366580e+01,2.437508244298162552e+01
9.513939537273181202e+01,2.503321142907114094e+01
9.471986468690496963e+01,2.540959282808037756e+01
9.430033400107814145e+01,2.578597422708961417e+01
9.359410002125331118e+01,2.603430740020581169e+01
9.288786604142848091e+01,2.628264057332200565e+01
9.214520066831119038e+01,2.624147560100855969e+01
9.140253529519389986e+01,2.620031062869511018e+01
9.089159447223536858e+01,2.598440170373427094e+01
9.038065364927685152e+01,2.576849277877342814e+01
8.997290846566804134e+01,2.536040710392227737e+01
8.956516328205924538e+01,2.495232142907113015e+01
8.909922029717134251e+01,2.427089877167812659e+01
8.863327731228343964e+01,2.358947611428511948e+01
8.816733432739553677e+01,2.290805345689211592e+01
8.753485898833619672e+01,2.229580061783278566e+01
8.690238364927687087e+01,2.168354777877345185e+01
8.626990831021754502e+01,2.107129493971412160e+01
8.563743297115820496e+01,2.045904210065479134e+01
8.490942297115820736e+01,1.993325710065479228e+01
8.418141297115820976e+01,1.940747210065479322e+01
8.325117797115819940e+01,1.904346710065479442e+01
8.232094297115820325e+01,1.867946210065479562e+01
8.159488568363285310e+01,1.867946210065479562e+01
8.077484189116871960e+01,1.892213210065478535e+01
7.997705198860163023e+01,1.928518559481117478e+01
7.917926208603455507e+01,1.964823908896756777e+01
7.838147218346746570e+01,2.001129258312395720e+01
7.758368228090037633e+01,2.037434607728035019e+01
7.678589237833330117e+01,2.073739957143673962e+01
7.598810247576621180e+01,2.110045306559312905e+01
7.519031257319913664e+01,2.146350655974952204e+01
7.439252267063204727e+01,2.182656005390591147e+01
7.344805435603026922e+01,2.207279531361395897e+01
7.250358604142849117e+01,2.231903057332200291e+01
7.192755432739552646e+01,2.231903057332200291e+01
7.135152261336256174e+01,2.231903057332200291e+01
7.052842151659540093e+01,2.211325364551905537e+01
6.970532041982824012e+01,2.190747671771610783e+01
6.901328753677057648e+01,2.158180547240285918e+01
6.832125465371291284e+01,2.125613422708961053e+01
6.758509482634602250e+01,2.076534868654032806e+01
6.684893499897914637e+01,2.027456314599104203e+01
6.623532914051918397e+01,1.966095728753109029e+01
6.562172328205923577e+01,1.904735142907113854e+01
6.520972982810181406e+01,1.838764593648121348e+01
6.479773637414439236e+01,1.772794044389128487e+01
6.455222108674979609e+01,1.690966078837384146e+01
6.430670579935519982e+01,1.609138113285639449e+01
6.418489043136527528e+01,1.516662421386531534e+01
6.406307506337536495e+01,1.424186729487423797e+01
6.394125969538544041e+01,1.331711037588316060e+01
6.381944432739552298e+01,1.239235345689208145e+01
6.341499432739552589e+01,1.154300845689208899e+01
6.301054432739552880e+01,1.069366345689209652e+01
6.243687720864975432e+01,1.017392300481299294e+01
6.186321008990397985e+01,9.654182552733889366e+00
6.128954297115820538e+01,9.134442100654785790e+00
6.037810089179689044e+01,8.747262632263495874e+00
5.946665881243556839e+01,8.360083163872204182e+00
5.855521673307424635e+01,7.972903695480914266e+00
5.764377465371293141e+01,7.585724227089623461e+00
5.714664915149489843e+01,7.132088502931534180e+00
5.664952364927687256e+01,6.678452778773444010e+00
5.631512501171063434e+01,6.096001611332366288e+00
5.598072637414440322e+01,5.513550443891288566e+00
5.569570836245718226e+01,4.743097749025462662e+00
5.541069035076996130e+01,3.972645054159636757e+00
5.512567233908274034e+01,3.202192359293810409e+00
5.484065432739551937e+01,2.431739664427984504e+00
5.440924099406218772e+01,1.734407595249349843e+00
5.397782766072884897e+01,1.037075526070715403e+00
5.354641432739551732e+01,3.397434568920810194e-01
5.295787297115820280e+01,-2.487978993452145127e-01
5.233771630449154344e+01,-6.802112326785485497e-01
5.171755963782488408e+01,-1.111624566011882420e+00
5.109740297115822472e+01,-1.543037899345216513e+00
5.025362083223617304e+01,-2.070227319242694541e+00
4.940983869331411427e+01,-2.597416739140172126e+00
4.856605655439206259e+01,-3.124606159037650155e+00
4.772227441547000382e+01,-3.651795578935128184e+00
4.687849227654795214e+01,-4.178984998832605768e+00
4.603471013762589337e+01,-4.706174418730084241e+00
4.519092799870384169e+01,-5.233363838627561826e+00
4.434714585978179002e+01,-5.760553258525039411e+00
4.350336372085973125e+01,-6.287742678422517884e+00
4.265958158193767957e+01,-6.814932098319994580e+00
4.181579944301562080e+01,-7.342121518217473053e+00
4.097201730409356912e+01,-7.869310938114951526e+00
4.042769941915467058e+01,-8.358796365818818686e+00
3.988338153421577914e+01,-8.848281793522684069e+00
3.933906364927688060e+01,-9.337767221226551229e+00
3.883624220096069024e+01,-1.008934822566260436e+01
3.851057095564744515e+01,-1.078138110872027156e+01
3.818489971033420005e+01,-1.147341399177793697e+01
3.797984275484469663e+01,-1.217032642946076848e+01
3.777478579935520031e+01,-1.286723886714359999e+01
3.774782246602186575e+01,-1.360825488861134502e+01
3.772085913268853119e+01,-1.434927091007908828e+01
3.769389579935519663e+01,-1.509028693154683332e+01
3.793775046205090717e+01,-1.598481162288044288e+01
3.818160512474661772e+01,-1.687933631421405423e+01
3.850468836948538609e+01,-1.776028288631453833e+01
3.882777161422415446e+01,-1.864122945841502244e+01
3.915085485896291573e+01,-1.952217603051550299e+01
3.947393810370168410e+01,-2.040312260261598709e+01
3.979702134844045247e+01,-2.128406917471647120e+01
4.012010459317922084e+01,-2.216501574681695530e+01
4.044318783791798211e+01,-2.304596231891743940e+01
4.076627108265675048e+01,-2.392690889101791996e+01
4.108935432739551885e+01,-2.480785546311840406e+01
4.133202432739551568e+01,-2.559931891123443393e+01
4.157469432739551962e+01,-2.639078235935046735e+01
4.181736432739552356e+01,-2.718224580746649721e+01
4.206003432739552039e+01,-2.797370925558252708e+01
4.206003432739552039e+01,-2.871091033557202721e+01
4.173647432739551988e+01,-2.934688654310789602e+01
4.130971297115821983e+01,-2.977364789934521383e+01
4.050081297115822565e+01,-3.009720789934521434e+01
3.993555932739552361e+01,-3.005676289934521250e+01
3.937030568363282867e+01,-3.001631789934521066e+01
3.887939378740077245e+01,-2.985453789934521041e+01
3.838848189116871623e+01,-2.969275789934521015e+01
3.758236783928474267e+01,-2.926808539934521036e+01
3.677625378740077622e+01,-2.884341289934521058e+01
3.597013973551680266e+01,-2.841874039934521079e+01
3.516402568363282910e+01,-2.799406789934521100e+01
3.438012804726919569e+01,-2.739548189934521005e+01
3.359623041090555517e+01,-2.679689589934520910e+01
3.281233277454192176e+01,-2.619830989934521170e+01
3.202843513817828125e+01,-2.559972389934521075e+01
3.124453750181464784e+01,-2.500113789934520980e+01
3.046063986545101088e+01,-2.440255189934521241e+01
2.967674222908737391e+01,-2.380396589934521145e+01
2.889284459272374050e+01,-2.320537989934521050e+01
2.810894695636009999e+01,-2.260679389934520955e+01
2.732504931999646658e+01,-2.200820789934520860e+01
2.654115168363282962e+01,-2.140962189934521120e+01
2.575725404726919265e+01,-2.081103589934521025e+01
2.497335641090555569e+01,-2.021244989934520930e+01
2.418945877454191873e+01,-1.961386389934521191e+01
2.340556113817828532e+01,-1.901527789934520740e+01
2.262166350181464836e+01,-1.841669189934521000e+01
2.183776586545101139e+01,-1.781810589934520905e+01
2.105386822908737443e+01,-1.721951989934520810e+01
2.026997059272373747e+01,-1.662093389934521070e+01
1.948607295636010406e+01,-1.602234789934520975e+01
1.870217531999646354e+01,-1.542376189934520880e+01
1.791827768363283013e+01,-1.482517589934520963e+01
1.713438004726919317e+01,-1.422658989934520868e+01
1.635048241090555621e+01,-1.362800389934520950e+01
1.556658477454191924e+01,-1.302941789934520855e+01
1.478268713817828228e+01,-1.243083189934520760e+01
1.399878950181464887e+01,-1.183224589934521020e+01
1.321489186545101191e+01,-1.123365989934520925e+01
1.243099422908737495e+01,-1.063507389934520830e+01
1.164709659272373798e+01,-1.003648789934520735e+01
1.086319895636010102e+01,-9.437901899345209955e+00
1.007930131999646761e+01,-8.839315899345209004e+00
9.295403683632834202e+00,-8.240729899345211606e+00
8.511506047269193687e+00,-7.642143899345207103e+00
7.727608410905556724e+00,-7.043557899345206152e+00
6.943710774541919761e+00,-6.444971899345208755e+00
6.159813138178282799e+00,-5.846385899345207804e+00
5.375915501814649389e+00,-5.247799899345210406e+00
4.592017865451008873e+00,-4.649213899345205903e+00
3.808120229087379016e+00,-4.050627899345208505e+00
3.024222592723738501e+00,-3.452041899345207554e+00
2.240324956360097985e+00,-2.853455899345206603e+00
1.456427319996464576e+00,-2.254869899345209205e+00
6.725296836328311656e-01,-1.656283899345208255e+00
-1.113679527308022443e-01,-1.057697899345207304e+00
-8.952655890944427597e-01,-4.591118993452063535e-01
-1.679163225458083275e+00,1.394741006547945972e-01
-2.463060861821716685e+00,7.380601006547919951e-01
-3.246958498185350095e+00,1.336646100654789393e+00
-4.030856134548990610e+00,1.935232100654793896e+00
-4.814753770912624020e+00,2.533818100654794847e+00
-5.598651407276264536e+00,3.132404100654795798e+00
-6.382549043639897945e+00,3.730990100654793196e+00
-7.166446680003531355e+00,4.329576100654790594e+00
-7.950344316367174535e+00,4.928162100654793321e+00
-8.608619994485826155e+00,5.505547778773443035e+00
-9.266895672604478662e+00,6.082933456892092750e+00
-9.590455672604479176e+00,6.730053456892102659e+00
