3.749077428183441896e+01,-1.347510308223580822e+01
3.780779212250895682e+01,-1.202657445997389374e+01
3.831221286214956478e+01,-1.069996765740140532e+01
3.898820364585650822e+01,-9.499633207246517941e+00
3.981675989065274734e+01,-8.419295040000578823e+00
4.076388222579440423e+01,-7.437464647805454021e+00
4.180254962798310459e+01,-6.536323277393897513e+00
4.290693803780926885e+01,-5.696774207194124529e+00
4.405358699493262975e+01,-4.899029802057278005e+00
4.522233629568597735e+01,-4.124017597326929518e+00
4.639447128316332680e+01,-3.355760913523755384e+00
4.755195488535038351e+01,-2.573088113793069898e+00
4.868500421426811187e+01,-1.766434420856861420e+00
4.978359219630514332e+01,-9.262351142984847074e-01
5.083728525458612779e+01,-4.300368396634443591e-02
5.183433177134222802e+01,8.932958074483221544e-01
5.276073653398542262e+01,1.893681004397222534e+00
5.363482731048684116e+01,2.940095661972499386e+00
5.445982082951590542e+01,4.028708935190419282e+00
5.522739498677672287e+01,5.142835713925074437e+00
5.604454019325260816e+01,6.213207522762219881e+00
5.691916235636537635e+01,7.231843356183146554e+00
5.786159178378744627e+01,8.187576102838715286e+00
5.887525775161866193e+01,9.071572632830005034e+00
5.995075080500559750e+01,9.865203758925328970e+00
6.093645790584104560e+01,1.073858727980151784e+01
6.178434819161255831e+01,1.173164740044718002e+01
6.242535998549861631e+01,1.287921658310957440e+01
6.292917270157454368e+01,1.411393286186505236e+01
6.336204679142483798e+01,1.539221938136660839e+01
6.389611295104695898e+01,1.664526942444673807e+01
6.453660638497250090e+01,1.783031048255474360e+01
6.529217013879616616e+01,1.892391893130963609e+01
6.617138004194484324e+01,1.989628585439839625e+01
6.715792250237693395e+01,2.073896792477300011e+01
6.823884783226179707e+01,2.144302344573026176e+01
6.940579156801295824e+01,2.199038152614971153e+01
7.064707025386574912e+01,2.236009092041490476e+01
7.194666478024076639e+01,2.252137271349642589e+01
7.327559049897612908e+01,2.244528262300148569e+01
7.460536984902245194e+01,2.222800435687149090e+01
7.592829325134883334e+01,2.189006599336448744e+01
7.723990896896283687e+01,2.145279918151149090e+01
7.852886020287482438e+01,2.093764561254977963e+01
7.982314332125940837e+01,2.052991201463684234e+01
8.111936125129528818e+01,2.030376934930901456e+01
8.240467967716615760e+01,2.032556698480799540e+01
8.364547894395607841e+01,2.067769161787370535e+01
8.481828064516908228e+01,2.128972330877840591e+01
8.590911649252191751e+01,2.210088337638900668e+01
8.692181987547098743e+01,2.304465669567164099e+01
8.788124478124200323e+01,2.405863705708085121e+01
8.885017532556526021e+01,2.498327086903532290e+01
8.989125431936108157e+01,2.576828574616267176e+01
9.103113896024242990e+01,2.631494283150630054e+01
9.225684870531526371e+01,2.650629864352159615e+01
9.350044036906020040e+01,2.641100529109242956e+01
9.472446749003155730e+01,2.605584954210980797e+01
9.589468341661876138e+01,2.545669526558382501e+01
9.689944547878081949e+01,2.467408719886091717e+01
9.800904091067631896e+01,2.410359456404520628e+01
9.925948577232918524e+01,2.389429810568494261e+01
1.005767839435627167e+02,2.392554117821627813e+01
1.019302870102360146e+02,2.412660538821683787e+01
1.032973203920614651e+02,2.441869232101898390e+01
1.046705095676359747e+02,2.472667840724453114e+01
1.060427371099523697e+02,2.503996633149904127e+01
1.074012154491164068e+02,2.537718111761884643e+01
1.087329629928220811e+02,2.576248851996331268e+01
1.100246228987300867e+02,2.621850976802917899e+01
1.112623051532096383e+02,2.676746001685499365e+01
1.124298085653786643e+02,2.743354293873149174e+01
1.135065018472532614e+02,2.824450706146081913e+01
1.145178753639033005e+02,2.915501755408261175e+01
1.154768294476037198e+02,3.014281412243167324e+01
1.163976978676884073e+02,3.118562324255606555e+01
1.172943981199293972e+02,3.226459519762900641e+01
1.181779484750019833e+02,3.336022864004789312e+01
1.190650064009585378e+02,3.445299172048650860e+01
1.199494379102722377e+02,3.554774814730678401e+01
1.208320144814957615e+02,3.664401510856018973e+01
1.217172373709467763e+02,3.773828425978533119e+01
1.225992746747652262e+02,3.883503625212392052e+01
1.234815694877290468e+02,3.993159567349135841e+01
1.243666751527539986e+02,4.102594685934655416e+01
1.252488333862229979e+02,4.212293054854046659e+01
1.261308955799880493e+02,4.321949729765668735e+01
1.270153220972774193e+02,4.431432329219107658e+01
1.278953617795471160e+02,4.541253056591639137e+01
1.287756254780862548e+02,4.651060403924401498e+01
1.296270348487165904e+02,4.763134525484861115e+01
1.301836622816484237e+02,4.877069030358257606e+01
1.302660579542384482e+02,4.982765498393584380e+01
1.298574718915148196e+02,5.067222876146095700e+01
1.288509583410340724e+02,5.096977402305697069e+01
1.276160190583554055e+02,5.085188490446442700e+01
1.263060861131486661e+02,5.047488749760238136e+01
1.249709951282046063e+02,5.002528638735759614e+01
1.236307168895725965e+02,4.959287647512832820e+01
1.222916838685511323e+02,4.915617057083112229e+01
1.209523268180994080e+02,4.871992093447295957e+01
1.196112147317853101e+02,4.828947800813739377e+01
1.182683376759677856e+02,4.786481241599636860e+01
1.169236920635477190e+02,4.744592342092680326e+01
1.155772930199546380e+02,4.703279389064942961e+01
1.142291702947490251e+02,4.662538744039845540e+01
1.128793597649643914e+02,4.622366183699114117e+01
1.115278962969630783e+02,4.582758297787634660e+01
1.101753451426122723e+02,4.543525770499297778e+01
1.088211815782678968e+02,4.504855336153391931e+01
1.074649139991244908e+02,4.466933231341371879e+01
1.061076114262699832e+02,4.429384870207801583e+01
1.047487762083481613e+02,4.392395843416007040e+01
1.033884438930882936e+02,4.355962546400363067e+01
1.020266614735388657e+02,4.320077962523134829e+01
1.006634929299835903e+02,4.284729547853849851e+01
9.929895741920121566e+01,4.249924714289885230e+01
9.793292047788472132e+01,4.215743943338728883e+01
9.656536861315463227e+01,4.182226218837712395e+01
9.519636480863070460e+01,4.149377677994330327e+01
9.382589271121884167e+01,4.117242935408189908e+01
9.245395097837827336e+01,4.085860928415010562e+01
9.108063088056427148e+01,4.055217448098359512e+01
8.970601549394078233e+01,4.025293708583292585e+01
8.833021288861873188e+01,3.996050439237438212e+01
8.695310146675670637e+01,3.967582662690136175e+01
8.557516501573672940e+01,3.939619670370770876e+01
8.419634563578119923e+01,3.912209343811648665e+01
8.281666508538219773e+01,3.885350948996703124e+01
8.143614566963910306e+01,3.859043255661815408e+01
8.005480938307408678e+01,3.833284863046800695e+01
7.867267671135267904e+01,3.808074798705300168e+01
7.728976613886288760e+01,3.783412768603896836e+01
7.590609422069573498e+01,3.759299095546492708e+01
7.452167606014045020e+01,3.735734405911193790e+01
7.313652587370405911e+01,3.712719251373668783e+01
7.175065742528991564e+01,3.690253812018030999e+01
7.036408428178731356e+01,3.668337740495022103e+01
6.897681998429669648e+01,3.646970152265124909e+01
6.758887841601227819e+01,3.626149730906566049e+01
6.620049174454018726e+01,3.605693405640639781e+01
6.481144780036107989e+01,3.585782108599506302e+01
6.342176444456215734e+01,3.566414089349639482e+01
6.203146604588602031e+01,3.547587507331218859e+01
6.064059154796906626e+01,3.529300255906937878e+01
5.925007770978697863e+01,3.511579398233764948e+01
5.786058048699661072e+01,3.493774344950666944e+01
5.647010882248621044e+01,3.476337648822693183e+01
5.507781278469106923e+01,3.459428790395769937e+01
5.368484817068362958e+01,3.442691761530593908e+01
5.229280463019011904e+01,3.426300149490433711e+01
5.090069078476779652e+01,3.410052991669684985e+01
4.950746223831071546e+01,3.393828274155655578e+01
4.811487756977236785e+01,3.377177664655704348e+01
4.672382512534846200e+01,3.360145914723917571e+01
4.533174605998404871e+01,3.344023853020565440e+01
4.406528654020209501e+01,3.316424954292189398e+01
4.306599760198380267e+01,3.262663470687826361e+01
4.250367018987965650e+01,3.178922952946147618e+01
4.269032849146738329e+01,3.069862711457359694e+01
4.333428328562300180e+01,2.958374323935075978e+01
4.413837048454166023e+01,2.848676765940431110e+01
4.501267047015753775e+01,2.738408605358631931e+01
4.586678439164884935e+01,2.626566063045089550e+01
4.670089201734801776e+01,2.513208690230051445e+01
4.751476431032637748e+01,2.398355238771985398e+01
4.830714581347376679e+01,2.281955311897900529e+01
4.907591131038110177e+01,2.163905326478930746e+01
4.967844508697336181e+01,2.044390338805349572e+01
4.993905203689286054e+01,1.926121500650544505e+01
4.966100894612479522e+01,1.821402554295906384e+01
4.873148259875215160e+01,1.762563375493023088e+01
4.755691126950354430e+01,1.733993488279318029e+01
4.626009398255180827e+01,1.735603215287399337e+01
4.502386978920104355e+01,1.768854567077644901e+01
4.392113641667150858e+01,1.829411709843139633e+01
4.298781824615836911e+01,1.915010054682849372e+01
4.220683899032195541e+01,2.019673374917550390e+01
4.154939789067812228e+01,2.140567058316748117e+01
4.076998359438875497e+01,2.255905369763231505e+01
3.987080375427958501e+01,2.362273717283507324e+01
3.885472693124751942e+01,2.456205668886827453e+01
3.772982044352318098e+01,2.534275826024591538e+01
3.649050797502776788e+01,2.585062811199797750e+01
3.528231251214285891e+01,2.592153307667190631e+01
3.436249159992803470e+01,2.551746147786897723e+01
3.386268443987407295e+01,2.473773453944365741e+01
3.393693950077586408e+01,2.367091858415088268e+01
3.438567343609874172e+01,2.249953157813360605e+01
3.505707036375551411e+01,2.129624938214294971e+01
3.576820756776832866e+01,2.008050625681029899e+01
3.649123664361467689e+01,1.887247422813912934e+01
3.721516214242387832e+01,1.766534564955000874e+01
3.791648020197418134e+01,1.645045699811790030e+01
3.856025996989247062e+01,1.521840849379657001e+01
3.911039896321258880e+01,1.396219443604940480e+01
3.953263714784750249e+01,1.267965634881048942e+01
3.979353272390647334e+01,1.137483205573145995e+01
3.985299205532734135e+01,1.006113863628720040e+01
3.970156917328505841e+01,8.764012249344027339e+00
3.935665797602798222e+01,7.507650579469190788e+00
3.882676738349332624e+01,6.315231857460572584e+00
3.811399875424288552e+01,5.214070189930794186e+00
3.721964631128777512e+01,4.238261461993893420e+00
3.617183218077983042e+01,3.403591697069223265e+00
3.500115755580561938e+01,2.725240485249399214e+00
3.374824919472625595e+01,2.213925384115087436e+00
3.244831160911840584e+01,1.871385157669437138e+00
3.112575721676953222e+01,1.694654574851556461e+00
2.979939481231560450e+01,1.678068202095285955e+00
2.848478038637448151e+01,1.815651400863701248e+00
2.719557825014732799e+01,2.101980368737321303e+00
2.594608499291348380e+01,2.537471535282997070e+00
2.475389581466349753e+01,3.127530556600961020e+00
2.364272736961945043e+01,3.880286712387598591e+00
2.259787914970230815e+01,4.741227562995153022e+00
2.161272596656088396e+01,5.688921799134291746e+00
2.067720035267217327e+01,6.703094368159400851e+00
1.977982236972074759e+01,7.765825086950918887e+00
1.890827947923457941e+01,8.860601429424477260e+00
1.805116074446326024e+01,9.973030703154186938e+00
1.719732196785770739e+01,1.109158935821848857e+01
1.633830353220753295e+01,1.220614697372626267e+01
1.545466333914902535e+01,1.329137201059285545e+01
1.450973113272794279e+01,1.428192564063214931e+01
1.347972355035632930e+01,1.511265126434479100e+01
1.235549381376567268e+01,1.572671036036434700e+01
1.113753960767385998e+01,1.605300982457987757e+01
9.855887747028830859e+00,1.605461615256013985e+01
8.555729980852351702e+00,1.583127232669214024e+01
7.256022286777061403e+00,1.543174037553903766e+01
5.966459093860864371e+00,1.491180070289620119e+01
4.685859385037211666e+00,1.433248732101921163e+01
3.403231685935425688e+00,1.375302227700940882e+01
2.121934658189317702e+00,1.317038771689983179e+01
8.385003723847004320e-01,1.259223001056293079e+01
-4.436472492029499559e-01,1.201019807877968759e+01
-1.726987956627433540e+00,1.143138558361719603e+01
-3.008699697486754143e+00,1.084844159111671758e+01
-4.292175991160031678e+00,1.027011542316502890e+01
-5.576971799841163424e+00,9.694506667377792652e+00
-6.772362092427245628e+00,9.061317137253638521e+00
-7.640823527202035947e+00,8.202934808394770627e+00
-7.969097555822719059e+00,7.171097632316470794e+00
-7.529820851463611575e+00,6.143208111042849140e+00
-6.645597041914108161e+00,5.216219374901072570e+00
-5.621648954392773234e+00,4.332869620725795734e+00
-4.524730801082595733e+00,3.470236119764370297e+00
-3.408215530061338150e+00,2.613690668178886511e+00
-2.286950949551819434e+00,1.763142881584170762e+00
-1.168546798605241577e+00,9.088324937724476804e-01
-5.401517398398261727e-02,4.955896529634345321e-02
1.064368340212392017e+00,-8.048444454275979210e-01
2.182972372956448304e+00,-1.658319360382099372e+00
3.302617946270299143e+00,-2.511155086231718681e+00
4.419322724675869729e+00,-3.367857020608491680e+00
5.539646188696678131e+00,-4.219804232195535576e+00
6.658003436570048450e+00,-5.073625891509919050e+00
7.777104704206260877e+00,-5.927139890700980018e+00
8.894494609051200484e+00,-6.782945288410104467e+00
1.001461441434200239e+01,-7.635120062265166041e+00
1.113212891770298363e+01,-8.490204808650169355e+00
1.225032825214282362e+01,-9.344770815069432857e+00
1.336815125161183460e+01,-1.019978945595508257e+01
1.448807323535156222e+01,-1.105200430019673874e+01
1.560599480673973893e+01,-1.190673312445336585e+01
1.672308236461789122e+01,-1.276302585995319383e+01
1.784172871200898669e+01,-1.361702142229884060e+01
1.896171601074146906e+01,-1.446916807039061403e+01
2.007972012532686534e+01,-1.532382573104275814e+01
2.119787709979666346e+01,-1.617868463403543089e+01
2.231625042685710270e+01,-1.703304393745751355e+01
2.343671826737658392e+01,-1.788462911705691738e+01
2.455344544391386563e+01,-1.874091833763203496e+01
2.567273533821847664e+01,-1.959426261336057351e+01
2.679037598576734780e+01,-2.044957071948179106e+01
2.790980350704892388e+01,-2.130249924966823372e+01
2.902723410655687530e+01,-2.215793383370560576e+01
3.014759357664034312e+01,-2.300984059268575521e+01
3.126523422418917519e+01,-2.386514869880694434e+01
3.238633381278651058e+01,-2.471540564594546652e+01
3.351331086075504118e+01,-2.555608257441031839e+01
3.465261975149023499e+01,-2.637772897094075830e+01
3.581074451229907396e+01,-2.717062949442713915e+01
3.700052437723530119e+01,-2.791522683129282001e+01
3.823753620198667136e+01,-2.855612232396912020e+01
3.939607946881854872e+01,-2.871327578036670047e+01
4.028085162156190790e+01,-2.831147317676790465e+01
4.061769103911893808e+01,-2.736118383367781348e+01
4.045327591227880504e+01,-2.613200907182442378e+01
4.010020371916678528e+01,-2.483825537357022384e+01
3.964972052619731357e+01,-2.351630401388236180e+01
3.917987140395543122e+01,-2.218881480961114505e+01
3.870242453372704006e+01,-2.086414620518192464e+01
3.825268014384722193e+01,-1.950700410330065182e+01
3.785675270259777392e+01,-1.808830650598155287e+01
3.755891405231672309e+01,-1.659080936962772768e+01
3.741740883572476406e+01,-1.502950045198735651e+01
