-9.071024855557949351e+00,6.169905352320189884e+00
-9.390455672604478110e+00,6.812175136346049875e+00
-9.309565672604477982e+00,7.649369409335194270e+00
-9.028515264081214298e+00,8.115929129162289257e+00
-8.747464855557950614e+00,8.582488848989383357e+00
-8.105258229725247787e+00,9.103360474822085990e+00
-7.463051603892543184e+00,9.624232100654790401e+00
-6.586783327949247813e+00,1.001969432287701167e+01
-5.710515052005952441e+00,1.041515654509923472e+01
-4.834246776062657069e+00,1.081061876732145599e+01
-3.957978500119361254e+00,1.120608098954367904e+01
-3.081710224176065438e+00,1.160154321176590031e+01
-2.205441948232770955e+00,1.199700543398812158e+01
-1.329173672289473807e+00,1.239246765621034463e+01
-4.529053963461793231e-01,1.278792987843256768e+01
4.233628795971160486e-01,1.318339210065478895e+01
1.299631155540412308e+00,1.357885432287701022e+01
2.175899431483708568e+00,1.397431654509923327e+01
3.052167707427001275e+00,1.436977876732145454e+01
3.928435983370297535e+00,1.476524098954367759e+01
4.804704259313595571e+00,1.516070321176589886e+01
5.680972535256890055e+00,1.555616543398812190e+01
6.557240811200184538e+00,1.595162765621034495e+01
7.433509087143480798e+00,1.634708987843256622e+01
8.309777363086775281e+00,1.674255210065478749e+01
9.010824029753441877e+00,1.695825876732145332e+01
9.711870696420110249e+00,1.717396543398812270e+01
1.041291736308677685e+01,1.738967210065478852e+01
1.105782932739552216e+01,1.738967210065478852e+01
1.170274129170426747e+01,1.738967210065478852e+01
1.226861077519393106e+01,1.722789210065478827e+01
1.283448025868359288e+01,1.706611210065478801e+01
1.351713188451629222e+01,1.650479547482208531e+01
1.419978351034899156e+01,1.594347884898938084e+01
1.477949517701565796e+01,1.522895051565605051e+01
1.535920684368232436e+01,1.451442218232271841e+01
1.593891851034899076e+01,1.379989384898938809e+01
1.651863017701565894e+01,1.308536551565605777e+01
1.709834184368232712e+01,1.237083718232272567e+01
1.767805351034899175e+01,1.165630884898939534e+01
1.823080184368232537e+01,1.092829884898939241e+01
1.878355017701565899e+01,1.020028884898938948e+01
1.933629851034899261e+01,9.472278848989386546e+00
1.988904684368232623e+01,8.744268848989381837e+00
2.044179517701565985e+01,8.016258848989378905e+00
2.099454351034899346e+01,7.288248848989375972e+00
2.147424273736157119e+01,6.566560604461472828e+00
2.195394196437414536e+01,5.844872359933569683e+00
2.243364119138672308e+01,5.123184115405666539e+00
2.293284290830664318e+01,4.623982398485753542e+00
2.343204462522656684e+01,4.124780681565839657e+00
2.393124634214648694e+01,3.625578964645926661e+00
2.461612281991624940e+01,3.238943602773656671e+00
2.530099929768601186e+01,2.852308240901386682e+00
2.620954860872090464e+01,2.550020999445530734e+00
2.711809791975580097e+01,2.247733757989674785e+00
2.802664723079069375e+01,1.945446516533818393e+00
2.869327626299230261e+01,1.862635044574140863e+00
2.935990529519391501e+01,1.779823572614463112e+00
3.002653432739552386e+01,1.697012100654785582e+00
3.087897702898368735e+01,1.743916050294950448e+00
3.173141973057185083e+01,1.790819999935115092e+00
3.260330200021709146e+01,2.185539286837637984e+00
3.347518426986232498e+01,2.580258573740161321e+00
3.434706653950756561e+01,2.974977860642684213e+00
3.521894880915280623e+01,3.369697147545207550e+00
3.609083107879803975e+01,3.764416434447730442e+00
3.696271334844328038e+01,4.159135721350253334e+00
3.752385485509738317e+01,4.670697893824536706e+00
3.808499636175149305e+01,5.182260066298820078e+00
3.852200227016550116e+01,6.080365222125905689e+00
3.895900817857950216e+01,6.978470377952991299e+00
3.918678357028392156e+01,7.768227023103720263e+00
3.941455896198834807e+01,8.557983668254449228e+00
3.964233435369276748e+01,9.347740313405179080e+00
3.987010974539718688e+01,1.013749695855590716e+01
3.982392808675618312e+01,1.084286223119350723e+01
3.977774642811518646e+01,1.154822750383110730e+01
3.947364785431014411e+01,1.224042204312157800e+01
3.916954928050510887e+01,1.293261658241204692e+01
3.886545070670006652e+01,1.362481112170251762e+01
3.838283560059971933e+01,1.443855835359817519e+01
3.790022049449936503e+01,1.525230558549383097e+01
3.741760538839901784e+01,1.606605281738948676e+01
3.693499028229866354e+01,1.687980004928514433e+01
3.645237517619831635e+01,1.769354728118080189e+01
3.596976007009796916e+01,1.850729451307645945e+01
3.548714496399761487e+01,1.932104174497211346e+01
3.500452985789726768e+01,2.013478897686777103e+01
3.452191475179691338e+01,2.094853620876342859e+01
3.403929964569656619e+01,2.176228344065908615e+01
3.355668453959621900e+01,2.257603067255474372e+01
3.307406943349586470e+01,2.338977790445039773e+01
3.259145432739551751e+01,2.420352513634605529e+01
3.247011932739552265e+01,2.480799210065479343e+01
3.234878432739552068e+01,2.541245906496353157e+01
3.251056432739552093e+01,2.601139940933518702e+01
3.298607757906091109e+01,2.661526128360825183e+01
3.387101736308677857e+01,2.693469210065478237e+01
3.462451867262593908e+01,2.688076543398811680e+01
3.537801998216510668e+01,2.682683876732145478e+01
3.613152129170426718e+01,2.677291210065478921e+01
3.687588646389009028e+01,2.661113210065478896e+01
3.762025163607591338e+01,2.644935210065478870e+01
3.824859135590302373e+01,2.608741169213152489e+01
3.887693107573013407e+01,2.572547128360825752e+01
3.944202156265390613e+01,2.512802479668448541e+01
4.000711204957767819e+01,2.453057830976071685e+01
4.057220253650144315e+01,2.393313182283694474e+01
4.113729302342521521e+01,2.333568533591317617e+01
4.170238351034898727e+01,2.273823884898940406e+01
4.202456711603117157e+01,2.210363903577133016e+01
4.234675072171334875e+01,2.146903922255325270e+01
4.266893432739553305e+01,2.083443940933517879e+01
4.292341220096068355e+01,2.014349396609247833e+01
4.317789007452582695e+01,1.945254852284978142e+01
4.343236794809097745e+01,1.876160307960708096e+01
4.420264530634772626e+01,1.815310572135028266e+01
4.504266918529665986e+01,1.795734668265313516e+01
4.604092297082137719e+01,1.791654053715354777e+01
4.703917675634609452e+01,1.787573439165396039e+01
4.803743054187081185e+01,1.783492824615437300e+01
4.903568432739552918e+01,1.779412210065478561e+01
4.972721642811519160e+01,1.833059669747844822e+01
4.971737817857950148e+01,1.926030382335660462e+01
4.926553243670620219e+01,2.000132866015761834e+01
4.881368669483289580e+01,2.074235349695863562e+01
4.836184095295959651e+01,2.148337833375964934e+01
4.790999521108629722e+01,2.222440317056066661e+01
4.746071577416581988e+01,2.287743489939645869e+01
4.701143633724534254e+01,2.353046662823225077e+01
4.656215690032486521e+01,2.418349835706804285e+01
4.611287746340438787e+01,2.483653008590383493e+01
4.550460332140328035e+01,2.562706209633669374e+01
4.489632917940217283e+01,2.641759410676955255e+01
4.428805503740106531e+01,2.720812611720241136e+01
4.367978089539995779e+01,2.799865812763527373e+01
4.307150675339884316e+01,2.878919013806813254e+01
4.246323261139773564e+01,2.957972214850099135e+01
4.185495846939662812e+01,3.037025415893385016e+01
4.124668432739552060e+01,3.116078616936670898e+01
4.108490432739552034e+01,3.172629513634604237e+01
4.116579432739551692e+01,3.222578227284061825e+01
4.124668432739552060e+01,3.272526940933519057e+01
4.164626916299015846e+01,3.332986726506015174e+01
4.204540560989431697e+01,3.357174907391434715e+01
4.285205648649055377e+01,3.377193558728456679e+01
4.365870736308679056e+01,3.397212210065478644e+01
4.464568745085377088e+01,3.409014687490471829e+01
4.563266753862075831e+01,3.420817164915465014e+01
4.661964762638774573e+01,3.432619642340458199e+01
4.760662771415472605e+01,3.444422119765451384e+01
4.859360780192170637e+01,3.456224597190444570e+01
4.958058788968869379e+01,3.468027074615437755e+01
5.056756797745567411e+01,3.479829552040430229e+01
5.155454806522266153e+01,3.491632029465423415e+01
5.254152815298964185e+01,3.503434506890416600e+01
5.352850824075662928e+01,3.515236984315409785e+01
5.451548832852361670e+01,3.527039461740402970e+01
5.550246841629059702e+01,3.538841939165396155e+01
5.648944850405757734e+01,3.550644416590389341e+01
5.747642859182456476e+01,3.562446894015382526e+01
5.846340867959155219e+01,3.574249371440375711e+01
5.945038876735853250e+01,3.586051848865368896e+01
6.043736885512551282e+01,3.597854326290362081e+01
6.142434894289249314e+01,3.609656803715354556e+01
6.241132903065948767e+01,3.621459281140347741e+01
6.339830911842646799e+01,3.633261758565340926e+01
6.438528920619344831e+01,3.645064235990334112e+01
6.537226929396044284e+01,3.656866713415327297e+01
6.635924938172742316e+01,3.668669190840320482e+01
6.734622946949440347e+01,3.680471668265313667e+01
6.828839584165102394e+01,3.696171104727068268e+01
6.923056221380765862e+01,3.711870541188822159e+01
7.017272858596427909e+01,3.727569977650576760e+01
7.111489495812089956e+01,3.743269414112330651e+01
7.205706133027753424e+01,3.758968850574085252e+01
7.299922770243415471e+01,3.774668287035839143e+01
7.394139407459077518e+01,3.790367723497593744e+01
7.488356044674739564e+01,3.806067159959347634e+01
7.582572681890403032e+01,3.821766596421102236e+01
7.676789319106065079e+01,3.837466032882856837e+01
7.771005956321727126e+01,3.853165469344610727e+01
7.865222593537390594e+01,3.868864905806365329e+01
7.959439230753052641e+01,3.884564342268119219e+01
8.053655867968714688e+01,3.900263778729873820e+01
8.147872505184378156e+01,3.915963215191627711e+01
8.242089142400040203e+01,3.931662651653382312e+01
8.335480324218221426e+01,3.951517469835200558e+01
8.428871506036404071e+01,3.971372288017018803e+01
8.522262687854585295e+01,3.991227106198837049e+01
8.615653869672766518e+01,4.011081924380655295e+01
8.709045051490949163e+01,4.030936742562473540e+01
8.802436233309130387e+01,4.050791560744291075e+01
8.895827415127313031e+01,4.070646378926109321e+01
8.989218596945494255e+01,4.090501197107927567e+01
9.082609778763675479e+01,4.110356015289745812e+01
9.176000960581858124e+01,4.130210833471564058e+01
9.269392142400039347e+01,4.150065651653382304e+01
9.366057590912127750e+01,4.174387678448776740e+01
9.462723039424216154e+01,4.198709705244171886e+01
9.559388487936304557e+01,4.223031732039566322e+01
9.656053936448392960e+01,4.247353758834961468e+01
9.752719384960481364e+01,4.271675785630355904e+01
9.849384833472569767e+01,4.295997812425750340e+01
9.946050281984658170e+01,4.320319839221145486e+01
1.004271573049674657e+02,4.344641866016539922e+01
1.013938117900883498e+02,4.368963892811934357e+01
1.023604662752092338e+02,4.393285919607329504e+01
1.033271207603301178e+02,4.417607946402723940e+01
1.042937752454510019e+02,4.441929973198119086e+01
1.052604297305718859e+02,4.466251999993513522e+01
1.061502197305718909e+02,4.492385692301206035e+01
1.070400097305718958e+02,4.518519384608898548e+01
1.079297997305719008e+02,4.544653076916590351e+01
1.088195897305718916e+02,4.570786769224282864e+01
1.097093797305718965e+02,4.596920461531975377e+01
1.105991697305719015e+02,4.623054153839667890e+01
1.114889597305719064e+02,4.649187846147359693e+01
1.123787497305719114e+02,4.675321538455052206e+01
1.132685397305719164e+02,4.701455230762744719e+01
1.141583297305719071e+02,4.727588923070437232e+01
1.150481197305719121e+02,4.753722615378129035e+01
1.159379097305719171e+02,4.779856307685821548e+01
1.168276997305719220e+02,4.805989999993514061e+01
1.177744545332814994e+02,4.837564267499511317e+01
1.187212093359910625e+02,4.869138535005508572e+01
1.196679641387006399e+02,4.900712802511505117e+01
1.206147189414102172e+02,4.932287070017502373e+01
1.215614737441197946e+02,4.963861337523499628e+01
1.225082285468293719e+02,4.995435605029496884e+01
1.234549833495389350e+02,5.027009872535494139e+01
1.244017381522485124e+02,5.058584140041491395e+01
1.253484929549580897e+02,5.090158407547488650e+01
1.262952477576676529e+02,5.121732675053485195e+01
1.272420025603772302e+02,5.153306942559482451e+01
1.281887573630868076e+02,5.184881210065479706e+01
1.289976573630868018e+02,5.201059210065479022e+01
1.296993694995813655e+02,5.201059210065479022e+01
1.304010816360759293e+02,5.201059210065479022e+01
1.309297510757301382e+02,5.177205128360825626e+01
1.314052643273955141e+02,5.129653803194289452e+01
1.316479343273954896e+02,5.073102906496359310e+01
1.317288243273955004e+02,5.016921513634603258e+01
1.315670443273955357e+02,4.940849479197441951e+01
1.311029591231338998e+02,4.868987493206086015e+01
1.306388739188722639e+02,4.797125507214730078e+01
1.301747887146106279e+02,4.725263521223374852e+01
1.297107035103489920e+02,4.653401535232018915e+01
1.291071396641951594e+02,4.578422727539711445e+01
1.285035758180412984e+02,4.503443919847403265e+01
1.279000119718874515e+02,4.428465112155095795e+01
1.272964481257336047e+02,4.353486304462788326e+01
1.266928842795797578e+02,4.278507496770480145e+01
1.260893204334259110e+02,4.203528689078172675e+01
1.254857565872720642e+02,4.128549881385865206e+01
1.248821927411182173e+02,4.053571073693557025e+01
1.242786288949643705e+02,3.978592266001249556e+01
1.236750650488105236e+02,3.903613458308941375e+01
1.230715012026566768e+02,3.828634650616633905e+01
1.224679373565028300e+02,3.753655842924325725e+01
1.218643735103489973e+02,3.678677035232018255e+01
1.212608096641951505e+02,3.603698227539710786e+01
1.206572458180413037e+02,3.528719419847403316e+01
1.200536819718874568e+02,3.453740612155095135e+01
1.194501181257336100e+02,3.378761804462787666e+01
1.188465542795797631e+02,3.303782996770479485e+01
1.182429904334259163e+02,3.228804189078172016e+01
1.176394265872720695e+02,3.153825381385864191e+01
1.170358627411182226e+02,3.078846573693556721e+01
1.164322988949643758e+02,3.003867766001248896e+01
1.158287350488105290e+02,2.928888958308941071e+01
1.152251712026566821e+02,2.853910150616633246e+01
1.146216073565028353e+02,2.778931342924325776e+01
1.140180435103489884e+02,2.703952535232017951e+01
1.133357524010266388e+02,2.647820872648748747e+01
1.126534612917042750e+02,2.591689210065479543e+01
1.117001148631328533e+02,2.569155567208336777e+01
1.107467684345614174e+02,2.546621924351193655e+01
1.097934220059899815e+02,2.524088281494050889e+01
1.088400755774185598e+02,2.501554638636907768e+01
1.078867291488471380e+02,2.479020995779765002e+01
1.069333827202757021e+02,2.456487352922621881e+01
1.059800362917042662e+02,2.433953710065479115e+01
1.050266898631328445e+02,2.411420067208336349e+01
1.040733434345614228e+02,2.388886424351193227e+01
1.031199970059899869e+02,2.366352781494050461e+01
1.021666505774185509e+02,2.343819138636907340e+01
1.012133041488471292e+02,2.321285495779764574e+01
1.002599577202757075e+02,2.298751852922621453e+01
9.930661129170427159e+01,2.276218210065478686e+01
9.878303432739552647e+01,2.272173710065478858e+01
9.825945736308678136e+01,2.268129210065479029e+01
9.775776219090094799e+01,2.280262710065479226e+01
9.725606701871511461e+01,2.292396210065479423e+01
9.656561757906092680e+01,2.332428291770132134e+01
9.608597514444204535e+01,2.380392535232020279e+01
9.568998630392322013e+01,2.448200771911201912e+01
9.529399746340439492e+01,2.516009008590383544e+01
9.484430540592390457e+01,2.556122428293154414e+01
9.439461334844340001e+01,2.596235847995925283e+01
9.365104140896889362e+01,2.622201799930784816e+01
9.290746946949440144e+01,2.648167751865644348e+01
9.213549335014252506e+01,2.643907260171609863e+01
9.136351723079066289e+01,2.639646768477575378e+01
9.080137476191508483e+01,2.615319090989322603e+01
9.023923229303950677e+01,2.590991413501070184e+01
8.982489674221308462e+01,2.549455711045726503e+01
8.941056119138666247e+01,2.507920008590382466e+01
8.893086196437411672e+01,2.438447517470928361e+01
8.845116273736155676e+01,2.368975026351474256e+01
8.797146351034901102e+01,2.299502535232020151e+01
8.736621290169429699e+01,2.240999724366547952e+01
8.676096229303956875e+01,2.182496913501076108e+01
8.615571168438484051e+01,2.123994102635604264e+01
8.555046107573012648e+01,2.065491291770132065e+01
8.482245107573012888e+01,2.012912791770132159e+01
8.409444107573014549e+01,1.960334291770132253e+01
8.316663118371721453e+01,1.924140250917805872e+01
8.223882129170426936e+01,1.887946210065479491e+01
8.153710915520970559e+01,1.900079710065478977e+01
8.083539701871514183e+01,1.912213210065478464e+01
7.992592020991369850e+01,1.953487550919098226e+01
7.901644340111226938e+01,1.994761891772717632e+01
7.810696659231082606e+01,2.036036232626337394e+01
7.719748978350939694e+01,2.077310573479957156e+01
7.628801297470795362e+01,2.118584914333576918e+01
7.537853616590652450e+01,2.159859255187196325e+01
7.446905935710508118e+01,2.201133596040816087e+01
7.382043606123485802e+01,2.218024647982425535e+01
7.317181276536463486e+01,2.234915699924034627e+01
7.252318946949441170e+01,2.251806751865644074e+01
7.192755432739552646e+01,2.251806751865644074e+01
7.133191918529664122e+01,2.251806751865644074e+01
7.048041589499516135e+01,2.230518673524759876e+01
6.962891260469369570e+01,2.209230595183875678e+01
6.892794395552068920e+01,2.176241221589901187e+01
6.822697530634768270e+01,2.143251847995926695e+01
6.747451582424703531e+01,2.093084185831141397e+01
6.672205634214638792e+01,2.042916523666356099e+01
6.609458876676652039e+01,1.980169766128369702e+01
6.546712119138665287e+01,1.917423008590383304e+01
6.504004082951439614e+01,1.848935360813405637e+01
6.461296046764212520e+01,1.780447713036427970e+01
6.436175460545834426e+01,1.696743816381194137e+01
6.411054874327454911e+01,1.613039919725960658e+01
6.398777263930479364e+01,1.521641818203121765e+01
6.386499653533503817e+01,1.430243716680282873e+01
6.374222043136528271e+01,1.338845615157443980e+01
6.361944432739552724e+01,1.247447513634605087e+01
6.329588432739552673e+01,1.155197479197439137e+01
6.281467351034899593e+01,1.078063535232018744e+01
6.227730603214271099e+01,1.029719454078056451e+01
6.173993855393641894e+01,9.813753729240941581e+00
6.120257107573013400e+01,9.330312917701318653e+00
6.028930213338453825e+01,8.938261808265815844e+00
5.937603319103894250e+01,8.546210698830314811e+00
5.846276424869335386e+01,8.154159589394812002e+00
5.754949530634775812e+01,7.762108479959309193e+00
5.702879879969366073e+01,7.290991307485031214e+00
5.650810229303956334e+01,6.819874135010753236e+00
5.615202638034085680e+01,6.204980632687529862e+00
5.579595046764214317e+01,5.590087130364306489e+00
5.550712643258049184e+01,4.815639045766824111e+00
5.521830239751883340e+01,4.041190961169341733e+00
5.492947836245717497e+01,3.266742876571860243e+00
5.464065432739552364e+01,2.492294791974377866e+00
5.421061738838001531e+01,1.803768312089649051e+00
5.378058044936449988e+01,1.115241832204920236e+00
5.335054351034899156e+01,4.267153523201915877e-01
5.257050603214270268e+01,-1.645787925527675832e-01
5.179046855393642090e+01,-7.558729374257266986e-01
5.101043107573013202e+01,-1.347167082298685648e+00
5.016463709087675937e+01,-1.876821243411664675e+00
4.931884310602338672e+01,-2.406475404524643480e+00
4.847304912117001408e+01,-2.936129565637622285e+00
4.762725513631664143e+01,-3.465783726750601090e+00
4.678146115146326878e+01,-3.995437887863580784e+00
4.593566716660989613e+01,-4.525092048976559589e+00
4.508987318175652348e+01,-5.054746210089538394e+00
4.424407919690315083e+01,-5.584400371202517199e+00
4.339828521204977818e+01,-6.114054532315496893e+00
4.255249122719640553e+01,-6.643708693428475698e+00
4.170669724234303288e+01,-7.173362854541454503e+00
4.086090325748966023e+01,-7.703017015654433308e+00
4.030648293600630439e+01,-8.200793298766029693e+00
3.975206261452294143e+01,-8.698569581877627854e+00
3.919764229303958558e+01,-9.196345864989224239e+00
3.865985794809103027e+01,-9.995068878297391990e+00
3.832996421215128890e+01,-1.069603752747039138e+01
3.800007047621154754e+01,-1.139700617664338900e+01
3.778934960974305568e+01,-1.211261348969187779e+01
3.757862874327455671e+01,-1.282822080274036836e+01
3.755022546531432681e+01,-1.358554154897494293e+01
3.752182218735408981e+01,-1.434286229520951572e+01
3.749341890939385991e+01,-1.510018304144409029e+01
3.774180281442133378e+01,-1.601873809269791593e+01
3.799018671944880765e+01,-1.693729314395174157e+01
3.831231645366511174e+01,-1.781852841580874980e+01
3.863444618788140872e+01,-1.869976368766575803e+01
3.895657592209771281e+01,-1.958099895952276626e+01
3.927870565631401689e+01,-2.046223423137977449e+01
3.960083539053031387e+01,-2.134346950323678271e+01
3.992296512474661796e+01,-2.222470477509378739e+01
4.024509485896292205e+01,-2.310594004695079562e+01
4.056722459317921903e+01,-2.398717531880780385e+01
4.088935432739552311e+01,-2.486841059066481208e+01
4.113202432739552705e+01,-2.566526567675772696e+01
4.137469432739552389e+01,-2.646212076285064541e+01
4.161736432739552072e+01,-2.725897584894356385e+01
4.186003432739552466e+01,-2.805583093503647873e+01
4.186003432739552466e+01,-2.865035520802561209e+01
4.154060351034899412e+01,-2.925991464767982109e+01
4.122274107573012003e+01,-2.957777708229868452e+01
4.041869129170425623e+01,-2.989720789934521505e+01
3.945242736308678388e+01,-2.981631789934521137e+01
3.895073219090095051e+01,-2.965453789934521112e+01
3.844903701871511714e+01,-2.949275789934521086e+01
3.764952715880156831e+01,-2.906911769508357679e+01
3.685001729888801947e+01,-2.864547749082194628e+01
3.605050743897446353e+01,-2.822183728656031576e+01
3.525099757906091469e+01,-2.779819708229868169e+01
3.445953289272843278e+01,-2.719162382453762916e+01
3.366806820639595799e+01,-2.658505056677658018e+01
3.287660352006347608e+01,-2.597847730901552765e+01
3.208513883373099418e+01,-2.537190405125447512e+01
3.129367414739851583e+01,-2.476533079349342614e+01
3.050220946106603748e+01,-2.415875753573237361e+01
2.971074477473355557e+01,-2.355218427797132108e+01
2.891928008840107367e+01,-2.294561102021027210e+01
2.812781540206859532e+01,-2.233903776244921957e+01
2.733635071573611697e+01,-2.173246450468816704e+01
2.654488602940363506e+01,-2.112589124692711806e+01
2.575342134307115671e+01,-2.051931798916606553e+01
2.496195665673867836e+01,-1.991274473140501300e+01
2.417049197040619646e+01,-1.930617147364396402e+01
2.337902728407371455e+01,-1.869959821588291149e+01
2.258756259774123620e+01,-1.809302495812185896e+01
2.179609791140875785e+01,-1.748645170036080998e+01
2.100463322507627595e+01,-1.687987844259975745e+01
2.021316853874380115e+01,-1.627330518483870847e+01
1.942170385241131925e+01,-1.566673192707765594e+01
1.863023916607883734e+01,-1.506015866931660341e+01
1.783877447974635899e+01,-1.445358541155555443e+01
1.704730979341387709e+01,-1.384701215379450190e+01
1.625584510708139874e+01,-1.324043889603345114e+01
1.546438042074892394e+01,-1.263386563827240039e+01
1.467291573441644204e+01,-1.202729238051134786e+01
1.388145104808396013e+01,-1.142071912275029533e+01
1.308998636175148178e+01,-1.081414586498924635e+01
1.229852167541899988e+01,-1.020757260722819382e+01
1.150705698908651797e+01,-9.600999349467141286e+00
1.071559230275403962e+01,-8.994426091706092308e+00
9.924127616421557718e+00,-8.387852833945039777e+00
9.132662930089082920e+00,-7.781279576183990798e+00
8.341198243756601016e+00,-7.174706318422938267e+00
7.549733557424122665e+00,-6.568133060661889289e+00
6.758268871091640762e+00,-5.961559802900833205e+00
5.966804184759158858e+00,-5.354986545139780674e+00
5.175339498426687612e+00,-4.748413287378735248e+00
4.383874812094205708e+00,-4.141840029617682717e+00
3.592410125761723805e+00,-3.535266771856630186e+00
2.800945439429241901e+00,-2.928693514095577655e+00
2.009480753096759997e+00,-2.322120256334525124e+00
1.218016066764285199e+00,-1.715546998573476145e+00
4.265513804318032953e-01,-1.108973740812427167e+00
-3.649133059006786084e-01,-5.024004830513746356e-01
-1.156377992233160512e+00,1.041727747096778955e-01
-1.947842678565635310e+00,7.107460324707268740e-01
-2.739307364898117214e+00,1.317319290231779405e+00
-3.530772051230599118e+00,1.923892547992835489e+00
-4.322236737563066811e+00,2.530465805753880915e+00
-5.113701423895548714e+00,3.137039063514933446e+00
-5.905166110228030618e+00,3.743612321275985977e+00
-6.696630796560512522e+00,4.350185579037034955e+00
-7.488095482892994426e+00,4.956758836798091039e+00
-8.279560169225476329e+00,5.563332094559140018e+00
-9.071024855557949351e+00,6.169905352320189884e+00
